[{"items":[{"id":"m1","name":"Mac & Cheese","price":"100","description":"Creamy cheddar cheese mixed with perfectly cooked macaroni, topped with crispy breadcrumbs. A classic comfort food.","image":"images/mac-and-cheese.jpg","quantity":1},{"id":"m2","name":"Margherita Pizza","price":"150","description":"A classic pizza with fresh mozzarella, tomatoes, and basil on a thin and crispy crust.","image":"images/margherita-pizza.jpg","quantity":1},{"id":"m3","name":"Caesar Salad","price":"90","description":"Romaine lettuce tossed in Caesar dressing, topped with croutons and parmesan shavings.","image":"images/caesar-salad.jpg","quantity":1}],"customer":{"name":"ravi","email":"mehla@gmail.com","street":"rania road","postal-code":"12345","city":"sirsa"},"id":"344.53519457053636"},{"items":[{"id":"m1","name":"Mac & Cheese","price":"100","description":"Creamy cheddar cheese mixed with perfectly cooked macaroni, topped with crispy breadcrumbs. A classic comfort food.","image":"images/mac-and-cheese.jpg","quantity":1},{"id":"m2","name":"Margherita Pizza","price":"150","description":"A classic pizza with fresh mozzarella, tomatoes, and basil on a thin and crispy crust.","image":"images/margherita-pizza.jpg","quantity":1},{"id":"m3","name":"Caesar Salad","price":"90","description":"Romaine lettuce tossed in Caesar dressing, topped with croutons and parmesan shavings.","image":"images/caesar-salad.jpg","quantity":1}],"customer":{"name":"ravi","email":"mehla@gmail.com","street":"rania road","postal-code":"12345","city":"sirsa"},"id":"765.8871157213052"},{"items":[{"id":"m1","name":"Mac & Cheese","price":"100","description":"Creamy cheddar cheese mixed with perfectly cooked macaroni, topped with crispy breadcrumbs. A classic comfort food.","image":"images/mac-and-cheese.jpg","quantity":1}],"customer":{"name":"Ravi Mehla","email":"www.mehla007@gmail.com","street":"House No. 97, Near Bihani Stadium, Sector 5, Nohar , District Hanumangarh, Rajasthan","postal-code":"335504","city":"Hanumangarh"},"id":"616.1325177744557"},{"items":[{"id":"m1","name":"Mac & Cheese","price":"100","description":"Creamy cheddar cheese mixed with perfectly cooked macaroni, topped with crispy breadcrumbs. A classic comfort food.","image":"images/mac-and-cheese.jpg","quantity":1}],"customer":{"name":"Ravi Mehla","email":"www.mehla007@gmail.com","street":"House No. 97, Near Bihani Stadium, Sector 5, Nohar , District Hanumangarh, Rajasthan","postal-code":"335504","city":"Hanumangarh"},"id":"941.515538806233"},{"items":[{"id":"m1","name":"Mac & Cheese","price":"100","description":"Creamy cheddar cheese mixed with perfectly cooked macaroni, topped with crispy breadcrumbs. A classic comfort food.","image":"images/mac-and-cheese.jpg","quantity":1},{"id":"m8","name":"Sushi Roll Platter","price":"110","description":"An assortment of fresh sushi rolls including California, Spicy Tuna, and Eel Avocado.","image":"images/sushi-roll-platter.jpg","quantity":3}],"customer":{"name":"Ravi Mehla","email":"www.mehla007@gmail.com","street":"House No. 97, Near Bihani Stadium, Sector 5, Nohar , District Hanumangarh, Rajasthan","postal-code":"335504","city":"Hanumangarh"},"id":"753.8053599503263"},{"items":[{"id":"m1","name":"Mac & Cheese","price":"100","description":"Creamy cheddar cheese mixed with perfectly cooked macaroni, topped with crispy breadcrumbs. A classic comfort food.","image":"images/mac-and-cheese.jpg","quantity":1},{"id":"m8","name":"Sushi Roll Platter","price":"110","description":"An assortment of fresh sushi rolls including California, Spicy Tuna, and Eel Avocado.","image":"images/sushi-roll-platter.jpg","quantity":3}],"customer":{"name":"Ravi Mehla","email":"www.mehla007@gmail.com","street":"House No. 97, Near Bihani Stadium, Sector 5, Nohar , District Hanumangarh, Rajasthan","postal-code":"335504","city":"Hanumangarh"},"id":"240.01348603601969"},{"items":[{"id":"m2","name":"Margherita Pizza","price":"150","description":"A classic pizza with fresh mozzarella, tomatoes, and basil on a thin and crispy crust.","image":"images/margherita-pizza.jpg","quantity":4}],"customer":{"name":"Ravi Mehla","email":"www.mehla007@gmail.com","street":"House No. 97, Near Bihani Stadium, Sector 5, Nohar , District Hanumangarh, Rajasthan","postal-code":"335504","city":"Hanumangarh"},"id":"472.8544375473582"},{"items":[{"id":"m2","name":"Margherita Pizza","price":"150","description":"A classic pizza with fresh mozzarella, tomatoes, and basil on a thin and crispy crust.","image":"images/margherita-pizza.jpg","quantity":4}],"customer":{"name":"Ravi Mehla","email":"www.mehla007@gmail.com","street":"House No. 97, Near Bihani Stadium, Sector 5, Nohar , District Hanumangarh, Rajasthan","postal-code":"335504","city":"Hanumangarh"},"id":"323.76814941950084"},{"items":[{"id":"m2","name":"Margherita Pizza","price":"150","description":"A classic pizza with fresh mozzarella, tomatoes, and basil on a thin and crispy crust.","image":"images/margherita-pizza.jpg","quantity":4}],"customer":{"name":"Ravi Mehla","email":"www.mehla007@gmail.com","street":"House No. 97, Near Bihani Stadium, Sector 5, Nohar , District Hanumangarh, Rajasthan","postal-code":"335504","city":"Hanumangarh"},"id":"989.0848206600353"},{"items":[{"id":"m2","name":"Margherita Pizza","price":"150","description":"A classic pizza with fresh mozzarella, tomatoes, and basil on a thin and crispy crust.","image":"images/margherita-pizza.jpg","quantity":4}],"customer":{"name":"Ravi Mehla","email":"www.mehla007@gmail.com","street":"House No. 97, Near Bihani Stadium, Sector 5, Nohar , District Hanumangarh, Rajasthan","postal-code":"335504","city":"Hanumangarh"},"id":"703.4243474574308"},{"items":[{"id":"m2","name":"Margherita Pizza","price":"150","description":"A classic pizza with fresh mozzarella, tomatoes, and basil on a thin and crispy crust.","image":"images/margherita-pizza.jpg","quantity":4}],"customer":{"name":"Ravi Mehla","email":"www.mehla007@gmail.com","street":"House No. 97, Near Bihani Stadium, Sector 5, Nohar , District Hanumangarh, Rajasthan","postal-code":"335504","city":"Hanumangarh"},"id":"167.4619186557882"},{"items":[{"id":"m2","name":"Margherita Pizza","price":"150","description":"A classic pizza with fresh mozzarella, tomatoes, and basil on a thin and crispy crust.","image":"images/margherita-pizza.jpg","quantity":4}],"customer":{"name":"Ravi Mehla","email":"www.mehla007@gmail.com","street":"House No. 97, Near Bihani Stadium, Sector 5, Nohar , District Hanumangarh, Rajasthan","postal-code":"335504","city":"Hanumangarh"},"id":"581.7167806207915"},{"items":[{"id":"m3","name":"Caesar Salad","price":"90","description":"Romaine lettuce tossed in Caesar dressing, topped with croutons and parmesan shavings.","image":"images/caesar-salad.jpg","quantity":3}],"customer":{"name":"Ravi Mehla","email":"jahangirmehla007@gmail.com","street":"House No. 397 Behind Neta Ji School, Near Bihani Stadium,  Sector 5, Nohar","postal-code":"335523","city":"Nohar"},"id":"700.7447543181935"},{"items":[{"id":"m1","name":"Mac & Cheese","price":"100","description":"Creamy cheddar cheese mixed with perfectly cooked macaroni, topped with crispy breadcrumbs. A classic comfort food.","image":"images/mac-and-cheese.jpg","quantity":1}],"customer":{"name":"Ravi Mehla","email":"www.mehla007@gmail.com","street":"House No. 97, Near Bihani Stadium, Sector 5, Nohar , District Hanumangarh, Rajasthan","postal-code":"335504","city":"Hanumangarh"},"id":"476.9058663404546"},{"items":[{"id":"m3","name":"Caesar Salad","price":"90","description":"Romaine lettuce tossed in Caesar dressing, topped with croutons and parmesan shavings.","image":"images/caesar-salad.jpg","quantity":2}],"customer":{"name":"Ravi Mehla","email":"jahangirmehla007@gmail.com","street":"House No. 397 Behind Neta Ji School, Near Bihani Stadium,  Sector 5, Nohar","postal-code":"335523","city":"Nohar"},"id":"348.0178790147557"},{"items":[{"id":"m2","name":"Margherita Pizza","price":"150","description":"A classic pizza with fresh mozzarella, tomatoes, and basil on a thin and crispy crust.","image":"images/margherita-pizza.jpg","quantity":4},{"id":"m3","name":"Caesar Salad","price":"90","description":"Romaine lettuce tossed in Caesar dressing, topped with croutons and parmesan shavings.","image":"images/caesar-salad.jpg","quantity":1},{"id":"m1","name":"Mac & Cheese","price":"100","description":"Creamy cheddar cheese mixed with perfectly cooked macaroni, topped with crispy breadcrumbs. A classic comfort food.","image":"images/mac-and-cheese.jpg","quantity":1}],"customer":{"name":"xyz","email":"xyz@gmail.com","street":"near by react, Javascript","postal-code":"123345","city":"frontend"},"id":"159.57215489513078"}]